model,region_iou,fill_ratio,n
Ours,0.7303673400177358,0.7303673400177358,6
Matte-CNN-only,0.7091545900448253,0.7091545900448253,6
Raw-only,0.684523115834977,0.684523115834977,6
Sketch-only,0.580699606590248,0.580699606590248,6
