model,edge_iou_drop,lpips_drop,n
Ours (mcs1),-0.0037979433304658737,0.019521906971931458,6
Sketch-only (mcs3),-0.004270716110704356,0.01971283679207166,6
