model,version,n_seed,Sketch LPIPS ↓|mean,Sketch LPIPS ↓|std,Edge IoU ↑|mean,Edge IoU ↑|std,Hair FID ↓|mean,Hair FID ↓|std,LPIPS (GT) ↓|mean,LPIPS (GT) ↓|std,PSNR (hair) ↑|mean,PSNR (hair) ↑|std,"ΔE2000 (GT, hair) ↓|mean","ΔE2000 (GT, hair) ↓|std"
Ours,gt_sketch,3,0.5644,0.012765578717786368,0.07076666666666667,0.0006847546194724712,79.4917,2.3966465196186104,0.19996666666666665,0.0006182412330330517,14.1163,0.054103850756361746,2.715733333333333,0.15495475325254002
Ours+Gate,gt_sketch,3,0.5665666666666667,0.013625792535563647,0.07079999999999999,0.0007874007874011802,69.1967,1.1600773853497846,0.20356666666666667,0.0012036980056845193,14.085366666666665,0.08113923561111228,2.3406000000000002,0.014495746502566383
Sketch-only,gt_sketch,3,0.5468000000000001,0.01612389531099726,0.06936666666666666,0.0007717224601860135,63.984333333333325,0.5937206600938031,0.20420000000000002,0.001485485330343813,13.929733333333333,0.05102269647476071,2.1549666666666667,0.02462334032760165
Sketch-only+Gate,gt_sketch,3,0.5486333333333333,0.01721323779988983,0.06953333333333334,0.0010530379332620895,65.53563333333334,2.016103253528673,0.20353333333333334,0.0013021349989749814,13.955366666666668,0.0696503808715759,2.0039,0.03535684752161408
Raw-only,gt_sketch,3,0.5589,0.013859533421680052,0.06986666666666667,0.0009741092797468285,77.69886666666666,1.5904748186905964,0.2006666666666667,0.0007717224601860156,14.038499999999999,0.07560123455782067,2.1633999999999998,0.06167608937019265
Matte-CNN-only,gt_sketch,3,0.5543,0.014458215657542234,0.07086666666666668,0.000833999733546454,69.04313333333333,0.7371330107623427,0.19686666666666666,0.0012036980056845151,13.968733333333333,0.07586941998518876,2.4584999999999995,0.06268029993546605
